{
	"agcgw":{
		"backurl":"connect-drcn.hispace.hicloud.com",
		"url":"connect-drcn.dbankcloud.cn",
		"websocketbackurl":"connect-ws-drcn.hispace.dbankcloud.com",
		"websocketurl":"connect-ws-drcn.hispace.dbankcloud.cn"
	},
	"agcgw_all":{
		"CN":"connect-drcn.dbankcloud.cn",
		"CN_back":"connect-drcn.hispace.hicloud.com",
		"DE":"connect-dre.dbankcloud.cn",
		"DE_back":"connect-dre.hispace.hicloud.com",
		"RU":"connect-drru.hispace.dbankcloud.ru",
		"RU_back":"connect-drru.hispace.dbankcloud.cn",
		"SG":"connect-dra.dbankcloud.cn",
		"SG_back":"connect-dra.hispace.hicloud.com"
	},
	"websocketgw_all":{
		"CN":"connect-ws-drcn.hispace.dbankcloud.cn",
		"CN_back":"connect-ws-drcn.hispace.dbankcloud.com",
		"DE":"connect-ws-dre.hispace.dbankcloud.cn",
		"DE_back":"connect-ws-dre.hispace.dbankcloud.com",
		"RU":"connect-ws-drru.hispace.dbankcloud.ru",
		"RU_back":"connect-ws-drru.hispace.dbankcloud.cn",
		"SG":"connect-ws-dra.hispace.dbankcloud.cn",
		"SG_back":"connect-ws-dra.hispace.dbankcloud.com"
	},
	"client":{
		"cp_id":"900086000032883972",
		"product_id":"99536292102555797",
		"client_id":"961576501445152128",
		"client_secret":"BFE32CA8823658E52B219C2E30EB778D32D850E7B8812914FBD0146BA7B0A0BD",
		"project_id":"99536292102555797",
		"app_id":"106912939",
		"api_key":"DAEDADHP5bKxVl8H2OBsndxvE17ublAuLcdQ/c5Q4beDWXEJ7JQJ8m/tHp22PYqTmkIXCfsPwYK2QwE4KaB40gaIO/jhoxuDTyvtBg==",
		"package_name":"com.hyphenate.chatdemo"
	},
	"oauth_client":{
		"client_id":"106912939",
		"client_type":1
	},
	"app_info":{
		"app_id":"106912939",
		"package_name":"com.hyphenate.chatdemo"
	},
	"service":{
		"analytics":{
			"collector_url":"datacollector-drcn.dt.hicloud.com,datacollector-drcn.dt.dbankcloud.cn",
			"collector_url_ru":"datacollector-drru.dt.dbankcloud.ru,datacollector-drru.dt.hicloud.com",
			"collector_url_sg":"datacollector-dra.dt.hicloud.com,datacollector-dra.dt.dbankcloud.cn",
			"collector_url_de":"datacollector-dre.dt.hicloud.com,datacollector-dre.dt.dbankcloud.cn",
			"collector_url_cn":"datacollector-drcn.dt.hicloud.com,datacollector-drcn.dt.dbankcloud.cn",
			"resource_id":"p1",
			"channel_id":""
		},
		"search":{
			"url":"https://search-drcn.cloud.huawei.com"
		},
		"cloudstorage":{
			"storage_url_sg_back":"https://agc-storage-dra.cloud.huawei.asia",
			"storage_url_ru_back":"https://agc-storage-drru.cloud.huawei.ru",
			"storage_url_ru":"https://agc-storage-drru.cloud.huawei.ru",
			"storage_url_de_back":"https://agc-storage-dre.cloud.huawei.eu",
			"storage_url_de":"https://ops-dre.agcstorage.link",
			"storage_url":"https://agc-storage-drcn.platform.dbankcloud.cn",
			"storage_url_sg":"https://ops-dra.agcstorage.link",
			"storage_url_cn_back":"https://agc-storage-drcn.cloud.huawei.com.cn",
			"storage_url_cn":"https://agc-storage-drcn.platform.dbankcloud.cn"
		},
		"ml":{
			"mlservice_url":"ml-api-drcn.ai.dbankcloud.com,ml-api-drcn.ai.dbankcloud.cn"
		}
	},
	"region":"CN",
	"configuration_version":"3.0",
	"appInfos":[
		{
			"package_name":"com.hyphenate.chatdemo",
			"client":{
				"app_id":"106912939"
			},
			"app_info":{
				"package_name":"com.hyphenate.chatdemo",
				"app_id":"106912939"
			},
			"oauth_client":{
				"client_type":1,
				"client_id":"106912939"
			}
		}
	]
}